{
	"format_version": "1.8.0",
	"animations": {
		"animation.ren_archer.idle": {
			"animation_length": 2.3333,
			"override_previous_animation": true,
			"bones": {
				"left_arm": {
					"rotation": {
						"0.0": {
							"vector": [0, 0, 0]
						},
						"1.0": {
							"vector": [26.25481, 2.59274, -5.72281]
						},
						"1.9167": {
							"vector": [0.04714, -0.42117, -0.00913]
						},
						"2.3333": {
							"vector": [-2.45286, -0.42117, -0.00913]
						}
					}
				},
				"right_arm": {
					"rotation": {
						"0.0": {
							"vector": [0, 0, 0]
						},
						"1.0": {
							"vector": [-27.5, 0, 0]
						},
						"1.9167": {
							"vector": [-5, 0, 0]
						},
						"2.3333": {
							"vector": [-2.5, 0, 0]
						}
					}
				}
			}
		},
		"animation.ren_archer.walk": {
			"animation_length": 1.2083,
			"bones": {
				"left_arm": {
					"rotation": {
						"0.0": {
							"vector": [0, 0, 0]
						},
						"0.3333": {
							"vector": [-1.60834, -9.38394, -14.56921]
						},
						"1.0417": {
							"vector": [-40.83803, -12.25062, -18.89604]
						},
						"1.2083": {
							"vector": [2.39421, 7.22464, 1.67961]
						}
					}
				},
				"right_arm": {
					"rotation": {
						"0.0": {
							"vector": [0, 0, 0]
						},
						"0.3333": {
							"vector": [10.18816, 6.24762, 28.13179]
						},
						"1.0417": {
							"vector": [-29.81184, 6.24762, 28.13179]
						},
						"1.2083": {
							"vector": [0.27457, 5.84231, 5.50795]
						}
					}
				},
				"left_leg": {
					"rotation": {
						"0.0": {
							"vector": [0, 0, 0]
						},
						"0.6667": {
							"vector": [-0.83, 0, 0]
						},
						"1.0": {
							"vector": [-42.5, 0, 0]
						},
						"1.2083": {
							"vector": [-2.5, 0, 0]
						}
					}
				},
				"right_leg": {
					"rotation": {
						"0.0": {
							"vector": [0, 0, 0]
						},
						"0.2917": {
							"vector": [-47.5, 0, 0]
						},
						"0.625": {
							"vector": [-2.5, 0, 0]
						},
						"1.2083": {
							"vector": [0, 0, 0]
						}
					}
				}
			}
		},
		"animation.ren_archer.die": {
			"animation_length": 4.0833,
			"bones": {
				"headwear": {
					"rotation": {
						"0.0": {
							"vector": [0, 0, 0]
						},
						"0.375": {
							"vector": [-19.3765, 0.88904, 9.88308]
						},
						"0.5833": {
							"vector": [-5, 0, 0]
						},
						"0.875": {
							"vector": [32.5, 0, 0]
						},
						"1.125": {
							"vector": [94.51645, -2.94873, -9.60375]
						}
					},
					"position": {
						"0.0": {
							"vector": [0, -1, 0]
						},
						"0.375": {
							"vector": [0, -12, 0]
						},
						"0.4583": {
							"vector": [0, -10, 0]
						},
						"0.5417": {
							"vector": [0, -12, 0]
						},
						"0.875": {
							"vector": [0, -18, -13]
						},
						"1.125": {
							"vector": [0, -19, -22]
						}
					}
				},
				"body": {
					"rotation": {
						"0.0": {
							"vector": [0, 0, 0]
						},
						"0.5": {
							"vector": [5, 0, 0]
						},
						"0.7083": {
							"vector": [27.5, 0, 0]
						},
						"0.9167": {
							"vector": [71.04, 0, 0]
						},
						"1.125": {
							"vector": [90, 0, 0]
						}
					},
					"position": {
						"0.0": {
							"vector": [0, -1, 0]
						},
						"0.3333": {
							"vector": [0, -11, 0]
						},
						"0.4167": {
							"vector": [0, -10, 0]
						},
						"0.4583": {
							"vector": [0, -11, 0]
						},
						"0.5": {
							"vector": [0, -11, -2]
						},
						"0.8333": {
							"vector": [0, -11, -8]
						},
						"1.0417": {
							"vector": [0, -18.75, -17.42]
						},
						"1.25": {
							"vector": [0, -20, -21]
						}
					}
				},
				"left_arm": {
					"rotation": {
						"0.0": {
							"vector": [0, 0, 0]
						},
						"0.4583": {
							"vector": [1.53, 0, 0]
						},
						"0.625": {
							"vector": [14.43, 0, 0]
						},
						"0.7917": {
							"vector": [47.32, 0, 0]
						},
						"0.9167": {
							"vector": [92.5, 0, 0]
						}
					},
					"position": {
						"0.0": {
							"vector": [0, 0, 0]
						},
						"0.3333": {
							"vector": [0, -12, 0]
						},
						"0.4167": {
							"vector": [0, -11, 0]
						},
						"0.4583": {
							"vector": [0, -12, 0]
						},
						"0.625": {
							"vector": [0, -12.11, -3.26]
						},
						"0.7917": {
							"vector": [0, -16.23, -6.51]
						},
						"0.9167": {
							"vector": [0, -22, -9]
						}
					}
				},
				"right_arm": {
					"rotation": {
						"0.0": {
							"vector": [0, 0, 0]
						},
						"0.4583": {
							"vector": [-2.5, 0, 0]
						},
						"0.625": {
							"vector": [20.26, 0, 0]
						},
						"0.7917": {
							"vector": [58.01, 0, 0]
						},
						"0.9167": {
							"vector": [95, 0, 0]
						}
					},
					"position": {
						"0.0": {
							"vector": [0, 0, 0]
						},
						"0.3333": {
							"vector": [0, -12, 0]
						},
						"0.4167": {
							"vector": [0, -11, 0]
						},
						"0.4583": {
							"vector": [0, -12, 0]
						},
						"0.625": {
							"vector": [0, -12.11, -3.26]
						},
						"0.7917": {
							"vector": [0, -16.23, -6.51]
						},
						"0.9167": {
							"vector": [0, -22, -9]
						}
					}
				},
				"left_leg": {
					"rotation": {
						"0.0": {
							"vector": [0, 0, 2.5]
						},
						"0.3333": {
							"vector": [-90, 0, 2.5]
						}
					},
					"position": {
						"0.0": {
							"vector": [0, 0, 0]
						},
						"0.3333": {
							"vector": [0, -12, 11]
						}
					}
				},
				"right_leg": {
					"rotation": {
						"0.0": {
							"vector": [-2.5, 0, 0]
						},
						"0.125": {
							"vector": [-2.06518, 0.04135, -4.55041]
						},
						"0.3333": {
							"vector": [-1.14593, -0.94751, -25.42487]
						},
						"0.7083": {
							"vector": [2.39267, -4.3477, -89.9987]
						}
					},
					"position": {
						"0.0": {
							"vector": [0, 0, 0]
						},
						"0.3333": {
							"vector": [-2.38, -0.77, 0]
						},
						"0.7083": {
							"vector": [-12, -11, 0]
						}
					}
				},
				"head": {
					"rotation": {
						"0.0": {
							"vector": [0, 0, 0]
						},
						"0.3333": {
							"vector": [-5, 0, -1.472]
						},
						"0.5417": {
							"vector": [-39.23071, 11.0267, -1.10599]
						},
						"0.8333": {
							"vector": [0, 0, -3.68]
						},
						"0.9167": {
							"vector": [0, 0, 35]
						}
					},
					"position": {
						"0.0": {
							"vector": [0, -1, 0]
						},
						"0.3333": {
							"vector": [0, -12.11, 0]
						},
						"0.4583": {
							"vector": [0, -10, 0]
						},
						"0.7917": {
							"vector": [0, -20.23, 6]
						},
						"0.875": {
							"vector": [0, -23, 6]
						},
						"1.1667": {
							"vector": [0, -22, 6]
						}
					}
				}
			}
		},
		"animation.ren_archer.attack_preparation": {
			"animation_length": 3,
			"bones": {
				"headwear": {
					"rotation": {
						"vector": [0, 0, 0.01]
					}
				},
				"left_arm": {
					"rotation": {
						"0.0": {
							"vector": [7.5, 0, 0]
						},
						"0.9583": {
							"vector": [97.26229, -83.36379, 9.65298],
							"easing": "easeOutQuart"
						},
						"2.0417": {
							"vector": [253.33722, -15.56615, 177.0613],
							"easing": "easeOutCirc"
						}
					},
					"position": {
						"0.0": {
							"vector": [0, 0, 0]
						},
						"0.4167": {
							"vector": [0, -12, -7]
						},
						"1.2917": {
							"vector": [0, -12, -8]
						},
						"2.0": {
							"vector": [0, -12, -10]
						}
					}
				},
				"right_arm": {
					"rotation": {
						"0.0": {
							"vector": [7.5, 0, 0]
						},
						"0.5": {
							"vector": [-32.18364, -1.87864, -5.99863],
							"easing": "easeInQuart"
						}
					},
					"position": {
						"0.0": {
							"vector": [0, -1, 0]
						},
						"0.4583": {
							"vector": [0, -13, -7]
						}
					}
				},
				"head": {
					"rotation": {
						"0.0": {
							"vector": [0, 0, 0]
						},
						"0.25": {
							"vector": [12.5, 0, 0],
							"easing": "easeOutQuart"
						},
						"0.7083": {
							"vector": [2.5, 0, 0],