{
	"format_version": "1.8.0",
	"animations": {
		"animation.ren_archer.idle": {
			"animation_length": 2.3333,
			"bones": {
				"left_arm": {
					"rotation": {
						"0.0": {
							"vector": [0, 0, 0]
						},
						"1.0": {
							"vector": [26.25481, 2.59274, -5.72281]
						},
						"1.9167": {
							"vector": [0.04714, -0.42117, -0.00913]
						},
						"2.3333": {
							"vector": [-2.45286, -0.42117, -0.00913]
						}
					}
				},
				"right_arm": {
					"rotation": {
						"0.0": {
							"vector": [0, 0, 0]
						},
						"1.0": {
							"vector": [-27.5, 0, 0]
						},
						"1.9167": {
							"vector": [-5, 0, 0]
						},
						"2.3333": {
							"vector": [-2.5, 0, 0]
						}
					}
				}
			}
		},
		"animation.ren_archer.walk": {
			"animation_length": 1.5833,
			"bones": {
				"left_leg": {
					"rotation": {
						"0.0": {
							"vector": [0, 0, 0]
						},
						"0.7917": {
							"vector": [-0.7933, -2.03883, 0.77478]
						},
						"1.0417": {
							"vector": [-9.46297, -6.10215, -0.57293]
						},
						"1.25": {
							"vector": [-16.77926, -0.32205, -1.69026]
						},
						"1.5833": {
							"vector": [0, 0, 0]
						}
					}
				},
				"right_leg": {
					"rotation": {
						"0.0": {
							"vector": [0, 0, 0]
						},
						"0.375": {
							"vector": [-17.5, 0, 0]
						},
						"0.7917": {
							"vector": [-0.4326, -1.89244, 0.46697]
						}
					}
				}
			}
		},
		"animation.ren_archer.die": {
			"animation_length": 1.5417,
			"bones": {
				"head": {
					"rotation": {
						"0.0": {
							"vector": [0, 0, 0]
						},
						"1.0": {
							"vector": [70, 0, 0]
						}
					}
				},
				"headwear": {
					"rotation": {
						"0.0": {
							"vector": [0, 0, 0]
						},
						"1.0": {
							"vector": [104.99131, -0.02926, 0.02994]
						}
					}
				},
				"left_arm": {
					"rotation": {
						"0.0": {
							"vector": [0, 0, 0]
						},
						"0.625": {
							"vector": [-1.34971, 0.18895, -19.95621]
						}
					}
				},
				"right_arm": {
					"rotation": {
						"0.0": {
							"vector": [0, 0, 0]
						},
						"0.625": {
							"vector": [1.58792, -0.9792, 27.4243]
						}
					}
				}
			}
		},
		"animation.ren_archer.attack": {
			"animation_length": 3.1667,
			"bones": {
				"headwear": {
					"rotation": {
						"0.0": {
							"vector": [0, 0, 0]
						},
						"1.4167": {
							"vector": [1.51201, 6.31666, 1.12507]
						},
						"2.2083": {
							"vector": [10.15108, 9.84655, 1.75378]
						},
						"2.375": {
							"vector": [-12.57643, 9.57765, 0.01198]
						}
					}
				},
				"left_arm": {
					"rotation": {
						"0.0": {
							"vector": [0, 0, 0]
						},
						"0.25": {
							"vector": [-2.97657, 6.45885, -8.616]
						},
						"1.0": {
							"vector": [-75.89367, 33.77784, 14.75304]
						},
						"1.375": {
							"vector": [-57.47277, 38.61747, 16.31091]
						},
						"1.5833": {
							"vector": [-54.57904, 51.46072, 27.37974]
						},
						"2.0417": {
							"vector": [-52.64816, 53.47371, 29.81413]
						},
						"2.3333": {
							"vector": [-68.68655, 6.53612, 0.83554]
						}
					}
				},
				"right_arm": {
					"rotation": {
						"0.0": {
							"vector": [0, 0, 0]
						},
						"0.5833": {
							"vector": [-72.5, 0, 0]
						},
						"1.375": {
							"vector": [-74.87647, -7.24305, -1.95155]
						},
						"2.0417": {
							"vector": [-74.98635, -2.41476, -0.64743]
						},
						"2.3333": {
							"vector": [-72.50962, 0.06095, -0.20917]
						}
					}
				}
			}
		}
	},
	"geckolib_format_version": 2
}