{
	"format_version": "1.8.0",
	"animations": {
		"animation.ren_archer.idle": {
			"animation_length": 2.3333,
			"bones": {
				"left_arm": {
					"rotation": {
						"0.0": {
							"vector": [0, 0, 0]
						},
						"1.0": {
							"vector": [26.25481, 2.59274, -5.72281]
						},
						"1.9167": {
							"vector": [0.04714, -0.42117, -0.00913]
						},
						"2.3333": {
							"vector": [-2.45286, -0.42117, -0.00913]
						}
					}
				},
				"right_arm": {
					"rotation": {
						"0.0": {
							"vector": [0, 0, 0]
						},
						"1.0": {
							"vector": [-27.5, 0, 0]
						},
						"1.9167": {
							"vector": [-5, 0, 0]
						},
						"2.3333": {
							"vector": [-2.5, 0, 0]
						}
					}
				}
			}
		},
		"animation.ren_archer.walk": {
			"animation_length": 1.2083,
			"bones": {
				"left_arm": {
					"rotation": {
						"0.0": {
							"vector": [0, 0, 0]
						},
						"0.3333": {
							"vector": [-1.60834, -9.38394, -14.56921]
						},
						"1.0417": {
							"vector": [-40.83803, -12.25062, -18.89604]
						},
						"1.2083": {
							"vector": [2.39421, 7.22464, 1.67961]
						}
					}
				},
				"right_arm": {
					"rotation": {
						"0.0": {
							"vector": [0, 0, 0]
						},
						"0.3333": {
							"vector": [10.18816, 6.24762, 28.13179]
						},
						"1.0417": {
							"vector": [-29.81184, 6.24762, 28.13179]
						},
						"1.2083": {
							"vector": [0.27457, 5.84231, 5.50795]
						}
					}
				},
				"left_leg": {
					"rotation": {
						"0.0": {
							"vector": [0, 0, 0]
						},
						"0.6667": {
							"vector": [-0.83, 0, 0]
						},
						"1.0": {
							"vector": [-42.5, 0, 0]
						},
						"1.2083": {
							"vector": [-2.5, 0, 0]
						}
					}
				},
				"right_leg": {
					"rotation": {
						"0.0": {
							"vector": [0, 0, 0]
						},
						"0.2917": {
							"vector": [-47.5, 0, 0]
						},
						"0.625": {
							"vector": [-2.5, 0, 0]
						},
						"1.2083": {
							"vector": [0, 0, 0]
						}
					}
				}
			}
		},
		"animation.ren_archer.die": {
			"animation_length": 1.4167,
			"bones": {
				"headwear": {
					"rotation": {
						"0.0": {
							"vector": [0, 0, 0]
						},
						"0.5833": {
							"vector": [-5, 0, 0]
						},
						"0.875": {
							"vector": [32.5, 0, 0]
						},
						"1.125": {
							"vector": [94.51645, -2.94873, -9.60375]
						}
					},
					"position": {
						"0.0": {
							"vector": [0, -1, 0]
						},
						"0.375": {
							"vector": [0, -12, 0]
						},
						"0.4583": {
							"vector": [0, -10, 0]
						},
						"0.5417": {
							"vector": [0, -12, 0]
						},
						"0.875": {
							"vector": [0, -18, -13]
						},
						"1.125": {
							"vector": [0, -19, -22]
						}
					}
				},
				"body": {
					"rotation": {
						"0.0": {
							"vector": [0, 0, 0]
						},
						"0.5": {
							"vector": [5, 0, 0]
						},
						"0.7083": {
							"vector": [27.5, 0, 0]
						},
						"0.9167": {
							"vector": [71.04, 0, 0]
						},
						"1.125": {
							"vector": [90, 0, 0]
						}
					},
					"position": {
						"0.0": {
							"vector": [0, -1, 0]
						},
						"0.3333": {
							"vector": [0, -11, 0]
						},
						"0.4167": {
							"vector": [0, -10, 0]
						},
						"0.4583": {
							"vector": [0, -11, 0]
						},
						"0.5": {
							"vector": [0, -11, -2]
						},
						"0.7083": {
							"vector": [0, -11, -8]
						},
						"0.9167": {
							"vector": [0, -18.75, -17.42]
						},
						"1.125": {
							"vector": [0, -20, -21]
						}
					}
				},
				"left_arm": {
					"rotation": {
						"0.0": {
							"vector": [0, 0, 0]
						},
						"0.4583": {
							"vector": [1.53, 0, 0]
						},
						"0.625": {
							"vector": [14.43, 0, 0]
						},
						"0.7917": {
							"vector": [47.32, 0, 0]
						},
						"0.9167": {
							"vector": [92.5, 0, 0]
						}
					},
					"position": {
						"0.0": {
							"vector": [0, 0, 0]
						},
						"0.3333": {
							"vector": [0, -12, 0]
						},
						"0.4167": {
							"vector": [0, -11, 0]
						},
						"0.4583": {
							"vector": [0, -12, 0]
						},
						"0.625": {
							"vector": [0, -12.11, -3.26]
						},
						"0.7917": {
							"vector": [0, -16.23, -6.51]
						},
						"0.9167": {
							"vector": [0, -22, -9]
						}
					}
				},
				"right_arm": {
					"rotation": {
						"0.0": {
							"vector": [0, 0, 0]
						},
						"0.4583": {
							"vector": [-2.5, 0, 0]
						},
						"0.625": {
							"vector": [20.26, 0, 0]
						},
						"0.7917": {
							"vector": [58.01, 0, 0]
						},
						"0.9167": {
							"vector": [95, 0, 0]
						}
					},
					"position": {
						"0.0": {
							"vector": [0, 0, 0]
						},
						"0.3333": {
							"vector": [0, -12, 0]
						},
						"0.4167": {
							"vector": [0, -11, 0]
						},
						"0.4583": {
							"vector": [0, -12, 0]
						},
						"0.625": {
							"vector": [0, -12.11, -3.26]
						},
						"0.7917": {
							"vector": [0, -16.23, -6.51]
						},
						"0.9167": {
							"vector": [0, -22, -9]
						}
					}
				},
				"left_leg": {
					"rotation": {
						"0.0": {
							"vector": [0, 0, 2.5]
						},
						"0.3333": {
							"vector": [-90, 0, 2.5]
						}
					},
					"position": {
						"0.0": {
							"vector": [0, 0, 0]
						},
						"0.3333": {
							"vector": [0, -12, 11]
						}
					}
				},
				"right_leg": {
					"rotation": {
						"0.0": {
							"vector": [-2.5, 0, 0]
						},
						"0.125": {
							"vector": [-2.06518, 0.04135, -4.55041]
						},
						"0.3333": {
							"vector": [-1.14593, -0.94751, -25.42487]
						},
						"0.7083": {
							"vector": [2.39267, -4.3477, -89.9987]
						}
					},
					"position": {
						"0.0": {
							"vector": [0, 0, 0]
						},
						"0.3333": {
							"vector": [-2.38, -0.77, 0]
						},
						"0.7083": {
							"vector": [-12, -11, 0]
						}
					}
				}
			}
		},
		"animation.ren_archer.attack": {
			"animation_length": 1.625,
			"bones": {
				"headwear": {
					"rotation": {
						"0.0": {
							"vector": [0, 0, 0]
						},
						"0.25": {
							"vector": [0, 0, -2.5]
						},
						"0.7917": {
							"vector": [7.5, 0, -20]
						},
						"0.9167": {
							"vector": [7.5, 0, -20]
						},
						"1.0": {
							"vector": [4.48199, 0.06345, -12.31557]
						},
						"1.2083": {
							"vector": [2.34941, -0.85481, -0.01753]
						}
					}
				},
				"left_arm": {
					"rotation": {
						"0.0": {
							"vector": [0, 0, 0]
						},
						"0.125": {
							"vector": [-37.5, 0, 0]
						},
						"0.375": {
							"vector": [-64.58623, 37.15855, 16.0129]
						},
						"0.5417": {
							"vector": [-72.08623, 37.15855, 16.0129]
						},
						"0.7917": {
							"vector": [-60.42812, 60.21723, 31.18402]
						},
						"0.9167": {
							"vector": [-60.42812, 60.21723, 31.18402]
						},
						"1.0": {
							"vector": [-72.08623, 37.15855, 16.0129]
						},
						"1.2083": {
							"vector": [-74.58128, 22.77857, 11.05964]
						},
						"1.4167": {
							"vector": [0, 0, 0]
						}
					},
					"position": {
						"0.0": {
							"vector": [0, 0, 0]
						},
						"0.7917": {
							"vector": [0, 0, -1]
						},
						"0.9167": {
							"vector": [0, 0, -1]
						},
						"1.0": {
							"vector": [0, 0, 1]
						},
						"1.2083": {
							"vector": [0, 0, 1]
						},
						"1.4167": {
							"vector": [0, 0, 0]
						}
					}
				},
				"right_arm": {
					"rotation": {
						"0.0": {
							"vector": [-7.5, 0, 0]
						},
						"0.25": {
							"vector": [-70, 0, 0]
						},
						"0.5417": {
							"vector": [-77.30181, -9.81202, -1.97592]
						},
						"0.5833": {
							"vector": [-77.38459, -7.37275, -1.42197]
						},
						"0.7917": {
							"vector": [-77.47953, 2.38881, 0.75343]
						},
						"0.9167": {
							"vector": [-77.47953, 2.38881, 0.75343]
						},
						"1.0": {
							"vector": [-77.38757, 7.26918, 1.84484]
						},
						"1.2083": {
							"vector": [-69.88757, 7.26918, 1.84484]
						},